e1,e2,de2_dt,v_norm,heading_error,kappa,kappa_max_lookahead,s,t_norm,V_opt
0.07598346570363164,-0.13751991339221212,0.005853709423785727,0.012457664194546709,0.16775051660238566,0.24555024680288853,0.24555118403050055,0.0,1.0,5.6
