e1,e2,de2_dt,v_norm,heading_error,kappa,kappa_max_lookahead,s,t_norm,V_opt
-0.013708566708914247,0.030909263292991793,0.009739486392336816,0.010168569219348195,0.2694215747808512,0.3997875768653887,0.39978770643605177,10.0,2.428476,1.8
