e1,e2,de2_dt,v_norm,heading_error,kappa,kappa_max_lookahead,s,t_norm,V_opt
0.07598346570363164,-0.13751991339221212,0.005853709423785727,0.012457664194546709,0.16775051660238566,0.24555024680288853,0.24555118403050055,0.0,1.0,5.1
-0.03585865483389393,0.03829970229390242,-0.0066420930780043425,0.02341986052889755,0.442349157035975,0.6811679517381676,0.6811679526071812,15.0,1.0,0.8
