e1,e2,de2_dt,v_norm,heading_error,kappa,kappa_max_lookahead,s,t_norm,V_opt
-0.04341069279555063,0.12328190417642915,-0.001872296676125356,0.018192595424192784,0.4797343251850181,0.41135743180010254,0.4113577297244117,15.0,1.0,7.7
0.019583504559091188,-0.05625451549455628,-0.005341209711205131,0.012849703056695217,0.2447792306150947,0.3135841790297282,0.31358443907114086,7.5,1.0,7.2
0.07598346570363164,-0.13751991339221212,0.005853709423785727,0.012457664194546709,0.16775051660238566,0.24555024680288853,0.24555118403050055,0.0,1.0,2.0
-0.02568720732275577,-0.08646300000215756,0.0019449691788139746,0.01566541363719207,0.12597694899508455,0.24554886231538212,0.24555129066025266,15.0,1.0,7.3
